<?xml version="1.0" encoding="UTF-8"?>
<project-private xmlns="http://www.netbeans.org/ns/project-private/1">
    <editor-bookmarks xmlns="http://www.netbeans.org/ns/editor-bookmarks/2" lastBookmarkId="0"/>
    <open-files xmlns="http://www.netbeans.org/ns/projectui-open-files/2">
        <group>
            <file>file:/C:/Users/xblak/Downloads/ProjCliente%20(1)/ProjCliente/ProjCliente/src/model/Tarifacao.java</file>
            <file>file:/C:/Users/xblak/Downloads/ProjCliente%20(1)/ProjCliente/ProjCliente/src/view_investidor/Consultar_saldo.java</file>
            <file>file:/C:/Users/xblak/Downloads/ProjCliente%20(1)/ProjCliente/ProjCliente/src/controller_investidor/ControllerLogin_Investidor.java</file>
            <file>file:/C:/Users/xblak/Downloads/ProjCliente%20(1)/ProjCliente/ProjCliente/src/model/Investidor.java</file>
            <file>file:/C:/Users/xblak/Downloads/ProjCliente%20(1)/ProjCliente/ProjCliente/src/DAO/CarteiraDAO.java</file>
            <file>file:/C:/Users/xblak/Downloads/ProjCliente%20(1)/ProjCliente/ProjCliente/src/model/Pessoa.java</file>
            <file>file:/C:/Users/xblak/Downloads/ProjCliente%20(1)/ProjCliente/ProjCliente/src/DAO/InvestidorDAO.java</file>
            <file>file:/C:/Users/xblak/Downloads/ProjCliente%20(1)/ProjCliente/ProjCliente/src/model/Administrador.java</file>
            <file>file:/C:/Users/xblak/Downloads/ProjCliente%20(1)/ProjCliente/ProjCliente/src/controller_investidor/ControllerConsultarSaldo_Investidor.java</file>
            <file>file:/C:/Users/xblak/Downloads/ProjCliente%20(1)/ProjCliente/ProjCliente/src/DAO/Conexao.java</file>
            <file>file:/C:/Users/xblak/Downloads/ProjCliente%20(1)/ProjCliente/ProjCliente/src/view_investidor/Menu_Investidor.java</file>
            <file>file:/C:/Users/xblak/Downloads/ProjCliente%20(1)/ProjCliente/ProjCliente/src/view_investidor/Login_Investidor.java</file>
        </group>
    </open-files>
</project-private>
