<?xml version="1.0" encoding="UTF-8"?>
<project-private xmlns="http://www.netbeans.org/ns/project-private/1">
    <editor-bookmarks xmlns="http://www.netbeans.org/ns/editor-bookmarks/2" lastBookmarkId="0"/>
    <open-files xmlns="http://www.netbeans.org/ns/projectui-open-files/2">
        <group>
            <file>file:/C:/Users/xblak/Downloads/projetinhoatualizado%20(1)/projetinhoatualizado/ProjCliente/src/view_investidor/Login_Investidor.java</file>
            <file>file:/C:/Users/xblak/Downloads/projetinhoatualizado%20(1)/projetinhoatualizado/ProjCliente/src/DAO/InvestidorDAO.java</file>
            <file>file:/C:/Users/xblak/Downloads/projetinhoatualizado%20(1)/projetinhoatualizado/ProjCliente/src/model/Pessoa.java</file>
            <file>file:/C:/Users/xblak/Downloads/projetinhoatualizado%20(1)/projetinhoatualizado/ProjCliente/src/model/Investidor.java</file>
            <file>file:/C:/Users/xblak/Downloads/projetinhoatualizado%20(1)/projetinhoatualizado/ProjCliente/src/model/Carteira.java</file>
            <file>file:/C:/Users/xblak/Downloads/projetinhoatualizado%20(1)/projetinhoatualizado/ProjCliente/src/view_investidor/Menu_Investidor.java</file>
            <file>file:/C:/Users/xblak/Downloads/projetinhoatualizado%20(1)/projetinhoatualizado/ProjCliente/src/controller_investidor/ControllerConsultarSaldo_Investidor.java</file>
            <file>file:/C:/Users/xblak/Downloads/projetinhoatualizado%20(1)/projetinhoatualizado/ProjCliente/src/Projeto/ExchangeDeCriptomoedas.java</file>
            <file>file:/C:/Users/xblak/Downloads/projetinhoatualizado%20(1)/projetinhoatualizado/ProjCliente/src/DAO/Conexao.java</file>
            <file>file:/C:/Users/xblak/Downloads/projetinhoatualizado%20(1)/projetinhoatualizado/ProjCliente/src/controller_investidor/ControllerLogin_Investidor.java</file>
            <file>file:/C:/Users/xblak/Downloads/projetinhoatualizado%20(1)/projetinhoatualizado/ProjCliente/src/model/Moedas.java</file>
            <file>file:/C:/Users/xblak/Downloads/projetinhoatualizado%20(1)/projetinhoatualizado/ProjCliente/src/controller_investidor/ControllerDeposito.java</file>
        </group>
    </open-files>
</project-private>
