<?xml version="1.0" encoding="UTF-8"?>
<project-private xmlns="http://www.netbeans.org/ns/project-private/1">
    <editor-bookmarks xmlns="http://www.netbeans.org/ns/editor-bookmarks/2" lastBookmarkId="0"/>
    <open-files xmlns="http://www.netbeans.org/ns/projectui-open-files/2">
        <group>
            <file>file:/C:/Users/xblak/Downloads/projetinhoatualizado/projetinhoatualizado/Projeto/src/model/Real.java</file>
            <file>file:/C:/Users/xblak/Downloads/projetinhoatualizado/projetinhoatualizado/Projeto/src/controller_investidor/ControllerDeposito.java</file>
            <file>file:/C:/Users/xblak/Downloads/projetinhoatualizado/projetinhoatualizado/Projeto/src/model/Investidor.java</file>
            <file>file:/C:/Users/xblak/Downloads/projetinhoatualizado/projetinhoatualizado/Projeto/src/DAO/CarteiraDAO.java</file>
            <file>file:/C:/Users/xblak/Downloads/projetinhoatualizado/projetinhoatualizado/Projeto/src/model/Pessoa.java</file>
            <file>file:/C:/Users/xblak/Downloads/projetinhoatualizado/projetinhoatualizado/Projeto/src/controller_investidor/ControllerLogin_Investidor.java</file>
            <file>file:/C:/Users/xblak/Downloads/projetinhoatualizado/projetinhoatualizado/Projeto/src/Projeto/ExchangeDeCriptomoedas.java</file>
        </group>
    </open-files>
</project-private>
